epoch,acc,loss,val_acc,val_loss
0,0.7238312471741699,0.9100544589045109,0.7713348113738738,0.551839337193382
